{"count":1,"gauges":{"My Behavior.CumulativeReward":{"count":1,"max":1,"min":1,"value":1,"weightedAverage":1}},"self":17.554260799999998,"total":17.627176,"children":{"AgentSendState":{"count":736,"self":0.030960099999999997,"total":0.0379503,"children":{"CollectObservations":{"count":74,"self":0.0059907,"total":0.0059907,"children":null},"CollectDiscreteActionMasks":{"count":74,"self":0.0009995,"total":0.0009995,"children":null}}},"DecideAction":{"count":736,"self":0.0030047,"total":0.0030047,"children":null},"AgentAct":{"count":736,"self":0.026966499999999997,"total":0.026966499999999997,"children":null}}}